{
  "schemaVersion": 1,
  "platform": "linux",
  "threshold": 0.2,
  "metrics": {
    "bash": 6.2303604696550146,
    "zsh": 8.56733273266921,
    "nu": 10.198259907308378,
    "tmux": 39.71
  }
}
